{
  "levels": [
    {
      "id": 1,
      "name": "Owl",
      "gridWidth": 10,
      "gridHeight": 10,
      "starLimits": { "3star": 3, "2star": 5 },
      "hints": {
        "how_to_play": "Isi setiap variabel dengan nilai yang sesuai untuk menyelesaikan level ini.",
        "default": "",
        "missed_goal": "Gunakan Command yang ada"
      },
      "initialCommand": "# Mulailah dengan mengisi variabel dan perintah berikut dengan baik dan sempurna!\nEnergy = 100\nName = \"Owl\"\nSystem = False\nsensor = # Masukkan nilai sensor\n\nif sensor == 100:\n    player.turn(\"right\")\n    Batu = \"\"\n    player.step(7)\n    player.turn(\"left\")\n    Jembatan = # Masukkan nilai Jembatan\n    player.step(7)\n    player.turn(\"right\")\n    Pagar = # Masukkan nilai Pagar\n    player.step(10)\n    player.turn(\"right\")\n    player.step(14)\nelse:\n    player.step(5)\n# Selesaikan pengisian variabel di atas untuk menyelesaikan level ini dengan sempurna!",
      "objects": [
        {
          "type": "Player",
          "id": "P1",
          "x": 9,
          "y": 21,
          "initialDirection": "left"
        },
        { "type": "Tanahkiri", "x": 0, "y": 22 },
        { "type": "Tanahtengah", "x": 1, "y": 22 },
        { "type": "Tanahtengah", "x": 2, "y": 22 },
        { "type": "Tanahtengah", "x": 3, "y": 22 },
        { "type": "Tanahtengah", "x": 4, "y": 22 },
        { "type": "Tanahtengah", "x": 5, "y": 22 },
        { "type": "Tanahtengah", "x": 6, "y": 22 },
        { "type": "Tanahtengah", "x": 7, "y": 22 },
        { "type": "Tanahtengah", "x": 8, "y": 22 },
        { "type": "Tanahtengah", "x": 9, "y": 22 },
        { "type": "Tanahtengah", "x": 10, "y": 22 },
        { "type": "Tanahtengah", "x": 11, "y": 22 },
        { "type": "Tanahtengah", "x": 12, "y": 22 },
        { "type": "Tanahtengah", "x": 13, "y": 22 },
        { "type": "Tanahtengah", "x": 14, "y": 22 },
        { "type": "Tanahtengah", "x": 15, "y": 22 },
        { "type": "Tanahtengah", "x": 16, "y": 22 },
        { "type": "Tanahtengah", "x": 17, "y": 22 },
        { "type": "Tanahtengah", "x": 18, "y": 22 },
        { "type": "Tanahkanan", "x": 19, "y": 22 },
        { "type": "Tanahkiri", "x": 0, "y": 21 },
        { "type": "Tanahtengah", "x": 1, "y": 21 },
        { "type": "Tanahtengah", "x": 2, "y": 21 },
        { "type": "Tanahtengah", "x": 3, "y": 21 },
        { "type": "Tanahtengah", "x": 4, "y": 21 },
        { "type": "Tanahtengah", "x": 5, "y": 21 },
        { "type": "Tanahtengah", "x": 6, "y": 21 },
        { "type": "Tanahtengah", "x": 7, "y": 21 },
        { "type": "Tanahtengah", "x": 8, "y": 21 },
        { "type": "Tanahtengah", "x": 9, "y": 21 },
        { "type": "Tanahtengah", "x": 10, "y": 21 },
        { "type": "Tanahtengah", "x": 11, "y": 21 },
        { "type": "Tanahtengah", "x": 12, "y": 21 },
        { "type": "Tanahtengah", "x": 13, "y": 21 },
        { "type": "Tanahtengah", "x": 14, "y": 21 },
        { "type": "Tanahtengah", "x": 15, "y": 21 },
        { "type": "Tanahtengah", "x": 16, "y": 21 },
        { "type": "Tanahtengah", "x": 17, "y": 21 },
        { "type": "Tanahtengah", "x": 18, "y": 21 },
        { "type": "Pohon", "x": 18, "y": 21 },
        { "type": "Tanahkanan", "x": 19, "y": 21 },
        { "type": "Tanahkiri", "x": 0, "y": 20 },
        { "type": "Tanahtengah", "x": 1, "y": 20 },
        { "type": "Tanahtengah", "x": 2, "y": 20 },
        { "type": "Tanahtengah", "x": 3, "y": 20 },
        { "type": "Tanahtengah", "x": 4, "y": 20 },
        { "type": "Tanahtengah", "x": 5, "y": 20 },
        { "type": "Tanahtengah", "x": 6, "y": 20 },
        { "type": "Tanahtengah", "x": 7, "y": 20 },
        { "type": "Tanahtengah", "x": 8, "y": 20 },
        { "type": "Tanahtengah", "x": 9, "y": 20 },
        { "type": "Tanahtengah", "x": 10, "y": 20 },
        { "type": "Tanahtengah", "x": 11, "y": 20 },
        { "type": "Tanahtengah", "x": 12, "y": 20 },
        { "type": "Tanahtengah", "x": 13, "y": 20 },
        { "type": "Tanahtengah", "x": 14, "y": 20 },
        { "type": "Tanahtengah", "x": 15, "y": 20 },
        { "type": "Tanahtengah", "x": 16, "y": 20 },
        { "type": "Tanahtengah", "x": 17, "y": 20 },
        { "type": "Tanahtengah", "x": 18, "y": 20 },
        { "type": "Tanahkanan", "x": 19, "y": 20 },
        { "type": "Tanahpojokkiri", "x": 0, "y": 19 },
        { "type": "Tanahatas", "x": 1, "y": 19 },
        { "type": "Tanahatas", "x": 2, "y": 19 },
        { "type": "Tanahatas", "x": 3, "y": 19 },
        { "type": "Tanahatas", "x": 4, "y": 19 },
        { "type": "Tanahatas", "x": 5, "y": 19 },
        { "type": "Tanahatas", "x": 6, "y": 19 },
        { "type": "Tanahtengah", "x": 7, "y": 19 },
        { "type": "Tanahtengah", "x": 8, "y": 19 },
        { "type": "Tanahtengah", "x": 9, "y": 19 },
        { "type": "Tanahtengah", "x": 10, "y": 19 },
        { "type": "Tanahtengah", "x": 11, "y": 19 },
        { "type": "Tanahtengah", "x": 12, "y": 19 },
        { "type": "Tanahtengah", "x": 13, "y": 19 },
        { "type": "Tanahtengah", "x": 14, "y": 19 },
        { "type": "Pohon", "x": 14, "y": 19 },
        { "type": "Tanahtengah", "x": 15, "y": 19 },
        { "type": "Tanahtengah", "x": 16, "y": 19 },
        { "type": "Tanahtengah", "x": 17, "y": 19 },
        { "type": "Tanahtengah", "x": 18, "y": 19 },
        { "type": "Pohon", "x": 18, "y": 19 },
        { "type": "Tanahkanan", "x": 19, "y": 19 },
        { "type": "Airtengah", "x": 0, "y": 18 },
        { "type": "Airtengah", "x": 1, "y": 18 },
        { "type": "Airtengah", "x": 2, "y": 18 },
        { "type": "Airtengah", "x": 3, "y": 18 },
        { "type": "Airtengah", "x": 4, "y": 18 },
        { "type": "Airtengah", "x": 5, "y": 18 },
        { "type": "Airkiri", "x": 6, "y": 18 },
        { "type": "Tanahkiri", "x": 7, "y": 18 },
        { "type": "Pohon", "x": 7, "y": 18 },
        { "type": "Tanahtengah", "x": 8, "y": 18 },
        { "type": "Tanahtengah", "x": 9, "y": 18 },
        { "type": "Tanahtengah", "x": 10, "y": 18 },
        { "type": "Tanahtengah", "x": 11, "y": 18 },
        { "type": "Tanahtengah", "x": 12, "y": 18 },
        { "type": "Tanahtengah", "x": 13, "y": 18 },
        { "type": "Tanahtengah", "x": 14, "y": 18 },
        { "type": "Tanahtengah", "x": 15, "y": 18 },
        { "type": "Tanahtengah", "x": 16, "y": 18 },
        { "type": "Tanahtengah", "x": 17, "y": 18 },
        { "type": "Tanahtengah", "x": 18, "y": 18 },
        { "type": "Tanahkanan", "x": 19, "y": 18 },
        { "type": "Airtengah", "x": 0, "y": 17 },
        { "type": "Airtengah", "x": 1, "y": 17 },
        { "type": "Airtengah", "x": 2, "y": 17 },
        { "type": "Airtengah", "x": 3, "y": 17 },
        { "type": "Airtengah", "x": 4, "y": 17 },
        { "type": "Airtengah", "x": 5, "y": 17 },
        { "type": "Airkiri", "x": 6, "y": 17 },
        { "type": "Tanahpojokkiri", "x": 7, "y": 17 },
        { "type": "Tanahtengah", "x": 8, "y": 17 },
        { "type": "Tanahtengah", "x": 9, "y": 17 },
        { "type": "Tanahtengah", "x": 10, "y": 17 },
        { "type": "Tanahatas", "x": 11, "y": 17 },
        { "type": "Pohon", "x": 11, "y": 17 },
        { "type": "Tanahatas", "x": 12, "y": 17 },
        { "type": "Tanahatas", "x": 13, "y": 17 },
        { "type": "Tanahatas", "x": 14, "y": 17 },
        { "type": "Tanahatas", "x": 15, "y": 17 },
        { "type": "Tanahatas", "x": 16, "y": 17 },
        { "type": "Tanahatas", "x": 17, "y": 17 },
        { "type": "Tanahatas", "x": 18, "y": 17 },
        { "type": "Tanahatas", "x": 19, "y": 17 },
        { "type": "Airbawah", "x": 0, "y": 16 },
        { "type": "Airbawah", "x": 1, "y": 16 },
        { "type": "Airbawah", "x": 2, "y": 16 },
        { "type": "Airbawah", "x": 3, "y": 16 },
        { "type": "Airtengah", "x": 4, "y": 16 },
        { "type": "Airtengah", "x": 5, "y": 16 },
        { "type": "Kapal", "x": 0, "y": 16 },
        { "type": "Kapal", "x": 1, "y": 16 },
        { "type": "Kapal", "x": 2, "y": 16 },
        { "type": "Kapal", "x": 3, "y": 16 },
        { "type": "Kapal", "x": 4, "y": 16 },
        { "type": "Kapal", "x": 5, "y": 16 },
        { "type": "Airtengah", "x": 6, "y": 16 },
        { "type": "Airkiri", "x": 7, "y": 16 },
        { "type": "Tanahkiri", "x": 8, "y": 16 },
        { "type": "Tanahtengah", "x": 9, "y": 16 },
        { "type": "Tanahkanan", "x": 10, "y": 16 },
        { "type": "Airtengah", "x": 11, "y": 16 },
        { "type": "Airtengah", "x": 12, "y": 16 },
        { "type": "Kapal", "x": 11, "y": 16 },
        { "type": "Kapal", "x": 12, "y": 16 },
        { "type": "Airbawah", "x": 13, "y": 16 },
        { "type": "Airbawah", "x": 14, "y": 16 },
        { "type": "Airbawah", "x": 15, "y": 16 },
        { "type": "Airbawah", "x": 16, "y": 16 },
        { "type": "Airbawah", "x": 17, "y": 16 },
        { "type": "Airbawah", "x": 18, "y": 16 },
        { "type": "Airbawah", "x": 19, "y": 16 },
        { "type": "Tanahbawahkiri", "x": 0, "y": 15 },
        { "type": "Tanahbawah", "x": 1, "y": 15 },
        { "type": "Tanahbawah", "x": 2, "y": 15 },
        { "type": "Tanahbawahkanan", "x": 3, "y": 15 },
        { "type": "Airtengah", "x": 4, "y": 15 },
        { "type": "Airtengah", "x": 5, "y": 15 },
        { "type": "Airtengah", "x": 6, "y": 15 },
        { "type": "Airkiri", "x": 7, "y": 15 },
        { "type": "Tanahkiri", "x": 8, "y": 15 },
        { "type": "Tanahtengah", "x": 9, "y": 15 },
        { "type": "Tanahkanan", "x": 10, "y": 15 },
        { "type": "Airtengah", "x": 11, "y": 15 },
        { "type": "Airkiri", "x": 12, "y": 15 },
        { "type": "Tanahbawahkiri", "x": 13, "y": 15 },
        { "type": "Tanahbawah", "x": 14, "y": 15 },
        { "type": "Tanahbawah", "x": 15, "y": 15 },
        { "type": "Tanahbawah", "x": 16, "y": 15 },
        { "type": "Tanahbawah", "x": 17, "y": 15 },
        { "type": "Tanahbawah", "x": 18, "y": 15 },
        { "type": "Tanahbawahkanan", "x": 19, "y": 15 },
        { "type": "Tanahkiri", "x": 0, "y": 14 },
        { "type": "Tanahtengah", "x": 1, "y": 14 },
        { "type": "Tanahtengah", "x": 2, "y": 14 },
        { "type": "Tanahkanan", "x": 3, "y": 14 },
        { "type": "Jembatankiri", "x": 3, "y": 14 },
        { "type": "Jembatan", "variableName": "Jembatan", "variableValue": "50", "x": 4, "y": 14 },
        { "type": "Jembatan", "variableName": "Jembatan", "variableValue": "50", "x": 5, "y": 14 },
        { "type": "Jembatan", "variableName": "Jembatan", "variableValue": "50", "x": 6, "y": 14 },
        { "type": "Jembatan", "variableName": "Jembatan", "variableValue": "50", "x": 7, "y": 14 },
        { "type": "Tanahkiri", "x": 8, "y": 14 },
        { "type": "Jembatankanan", "x": 8, "y": 14 },
        { "type": "Tanahtengah", "x": 9, "y": 14 },
        { "type": "Tanahkanan", "x": 10, "y": 14 },
        { "type": "Airtengah", "x": 11, "y": 14 },
        { "type": "Airtengah", "x": 12, "y": 14 },
        { "type": "Airkiri", "x": 13, "y": 14 },
        { "type": "Tanahpojokkiri", "x": 14, "y": 14 },
        { "type": "Pohon", "x": 14, "y": 14 },
        { "type": "Tanahatas", "x": 15, "y": 14 },
        { "type": "Tanahatas", "x": 16, "y": 14 },
        { "type": "Tanahatas", "x": 17, "y": 14 },
        { "type": "Tanahtengah", "x": 18, "y": 14 },
        { "type": "Tanahtengah", "x": 19, "y": 14 },
        { "type": "Tanahkiri", "x": 0, "y": 13 },
        { "type": "Tanahtengah", "x": 1, "y": 13 },
        { "type": "Tanahtengah", "x": 2, "y": 13 },
        { "type": "Tanahkanan", "x": 3, "y": 13 },
        { "type": "Airtengah", "x": 4, "y": 13 },
        { "type": "Airbawah", "x": 5, "y": 13 },
        { "type": "Airbawah", "x": 6, "y": 13 },
        { "type": "Airbawah", "x": 7, "y": 13 },
        { "type": "Tanahkiri", "x": 8, "y": 13 },
        { "type": "Tanahtengah", "x": 9, "y": 13 },
        { "type": "Tanahkanan", "x": 10, "y": 13 },
        { "type": "Airbawah", "x": 11, "y": 13 },
        { "type": "Airbawah", "x": 12, "y": 13 },
        { "type": "Airbawah", "x": 13, "y": 13 },
        { "type": "Airbawah", "x": 14, "y": 13 },
        { "type": "Airbawah", "x": 15, "y": 13 },
        { "type": "Airbawah", "x": 16, "y": 13 },
        { "type": "Airkiri", "x": 17, "y": 13 },
        { "type": "Tanahpojokkiri", "x": 18, "y": 13 },
        { "type": "Tanahatas", "x": 19, "y": 13 },
        { "type": "Tanahkiri", "x": 0, "y": 12 },
        { "type": "Tanahtengah", "x": 1, "y": 12 },
        { "type": "Tanahtengah", "x": 2, "y": 12 },
        { "type": "Pohon", "x": 0, "y": 12 },
        { "type": "Tanahkanan", "x": 3, "y": 12 },
        { "type": "Airkiri", "x": 4, "y": 12 },
        { "type": "Tanahbawahkiri", "x": 5, "y": 12 },
        { "type": "Tanahbawah", "x": 6, "y": 12 },
        { "type": "Tanahbawah", "x": 7, "y": 12 },
        { "type": "Tanahtengah", "x": 8, "y": 12 },
        { "type": "Tanahtengah", "x": 9, "y": 12 },
        { "type": "Tanahtengah", "x": 10, "y": 12 },
        { "type": "Tanahbawah", "x": 11, "y": 12 },
        { "type": "Tanahbawah", "x": 12, "y": 12 },
        { "type": "Tanahbawah", "x": 13, "y": 12 },
        { "type": "Tanahbawah", "x": 14, "y": 12 },
        { "type": "Tanahbawah", "x": 15, "y": 12 },
        { "type": "Tanahbawahkanan", "x": 16, "y": 12 },
        { "type": "Airtengah", "x": 17, "y": 12 },
        { "type": "Airtengah", "x": 18, "y": 12 },
        { "type": "Airtengah", "x": 19, "y": 12 },
        { "type": "Tanahkiri", "x": 0, "y": 11 },
        { "type": "Tanahtengah", "x": 1, "y": 11 },
        { "type": "Tanahtengah", "x": 2, "y": 11 },
        { "type": "Tanahkanan", "x": 3, "y": 11 },
        { "type": "Airtengah", "x": 4, "y": 11 },
        { "type": "Airkiri", "x": 5, "y": 11 },
        { "type": "Tanahkiri", "x": 6, "y": 11 },
        { "type": "Tanahtengah", "x": 7, "y": 11 },
        { "type": "Tanahtengah", "x": 8, "y": 11 },
        { "type": "Tanahtengah", "x": 9, "y": 11 },
        { "type": "Tanahtengah", "x": 10, "y": 11 },
        { "type": "Tanahtengah", "x": 11, "y": 11 },
        { "type": "Tanahtengah", "x": 12, "y": 11 },
        { "type": "Tanahtengah", "x": 13, "y": 11 },
        { "type": "Tanahtengah", "x": 14, "y": 11 },
        { "type": "Tanahpojokkanan", "x": 15, "y": 11 },
        { "type": "Airtengah", "x": 16, "y": 11 },
        { "type": "Airtengah", "x": 17, "y": 11 },
        { "type": "Airtengah", "x": 18, "y": 11 },
        { "type": "Airtengah", "x": 19, "y": 11 },
        { "type": "Tanahpojokkiri", "x": 0, "y": 10 },
        { "type": "Tanahtengah", "x": 1, "y": 10 },
        { "type": "Tanahtengah", "x": 2, "y": 10 },
        { "type": "Tanahkanan", "x": 3, "y": 10 },
        { "type": "Airtengah", "x": 4, "y": 10 },
        { "type": "Airkiri", "x": 5, "y": 10 },
        { "type": "Tanahpojokkiri", "x": 6, "y": 10 },
        { "type": "Tanahtengah", "x": 7, "y": 10 },
        { "type": "Tanahtengah", "x": 8, "y": 10 },
        { "type": "Tanahtengah", "x": 9, "y": 10 },
        { "type": "Tanahtengah", "x": 10, "y": 10 },
        { "type": "Tanahtengah", "x": 11, "y": 10 },
        { "type": "Tanahtengah", "x": 12, "y": 10 },
        { "type": "Tanahtengah", "x": 13, "y": 10 },
        { "type": "Pohon", "x": 13, "y": 10 },
        { "type": "Tanahkanan", "x": 14, "y": 10 },
        { "type": "Airbawah", "x": 15, "y": 10 },
        { "type": "Airbawah", "x": 16, "y": 10 },
        { "type": "Airbawah", "x": 17, "y": 10 },
        { "type": "Airtengah", "x": 18, "y": 10 },
        { "type": "Airtengah", "x": 19, "y": 10 },
        { "type": "Airkiri", "x": 0, "y": 9 },
        { "type": "Tanahkiri", "x": 1, "y": 9 },
        { "type": "Tanahtengah", "x": 2, "y": 9 },
        { "type": "Tanahkanan", "x": 3, "y": 9 },
        { "type": "Airtengah", "x": 4, "y": 9 },
        { "type": "Airtengah", "x": 5, "y": 9 },
        { "type": "Airkiri", "x": 6, "y": 9 },
        { "type": "Tanahkiri", "x": 7, "y": 9 },
        { "type": "Tanahtengah", "x": 8, "y": 9 },
        { "type": "Tanahtengah", "x": 9, "y": 9 },
        { "type": "Tanahtengah", "x": 10, "y": 9 },
        { "type": "Tanahtengah", "x": 11, "y": 9 },
        { "type": "Tanahtengah", "x": 12, "y": 9 },
        { "type": "Tanahtengah", "x": 13, "y": 9 },
        { "type": "Tanahtengah", "x": 14, "y": 9 },
        { "type": "Semak", "x": 14, "y": 9 },
        { "type": "Tanahbawah", "x": 15, "y": 9 },
        { "type": "Tanahbawah", "x": 16, "y": 9 },
        { "type": "Tanahbawahkanan", "x": 17, "y": 9 },
        { "type": "Airtengah", "x": 18, "y": 9 },
        { "type": "Airtengah", "x": 19, "y": 9 },
        { "type": "Airkiri", "x": 0, "y": 8 },
        { "type": "Tanahkiri", "x": 1, "y": 8 },
        { "type": "Tanahtengah", "x": 2, "y": 8 },
        { "type": "Tanahkanan", "x": 3, "y": 8 },
        { "type": "Airtengah", "x": 4, "y": 8 },
        { "type": "Airtengah", "x": 5, "y": 8 },
        { "type": "Airkiri", "x": 6, "y": 8 },
        { "type": "Tanahpojokkiri", "x": 7, "y": 8 },
        { "type": "Tanahatas", "x": 8, "y": 8 },
        { "type": "Tanahtengah", "x": 9, "y": 8 },
        { "type": "Tanahtengah", "x": 10, "y": 8 },
        { "type": "Tanahtengah", "x": 11, "y": 8 },
        { "type": "Tanahtengah", "x": 12, "y": 8 },
        { "type": "Tanahtengah", "x": 13, "y": 8 },
        { "type": "Tanahtengah", "x": 14, "y": 8 },
        { "type": "Tanahtengah", "x": 15, "y": 8 },
        { "type": "Pohon", "x": 15, "y": 8 },
        { "type": "Tanahatas", "x": 16, "y": 8 },
        { "type": "Tanahpojokkanan", "x": 17, "y": 8 },
        { "type": "Airtengah", "x": 18, "y": 8 },
        { "type": "Airtengah", "x": 19, "y": 8 },
        { "type": "Airkiri", "x": 0, "y": 7 },
        { "type": "Tanahkiri", "x": 1, "y": 7 },
        { "type": "Pagarkiri", "x": 1, "y": 7 },
        { "type": "Tanahtengah", "x": 2, "y": 7 },
        { "type": "Pagar","variableName": "Pagar", "variableValue": 1, "x": 2,"y": 7 },
        { "type": "Tanahkanan", "x": 3, "y": 7 },
        { "type": "Pagarkanan", "x": 3, "y": 7 },
        { "type": "Airtengah", "x": 4, "y": 7 },
        { "type": "Airtengah", "x": 5, "y": 7 },
        { "type": "Airtengah", "x": 6, "y": 7 },
        { "type": "Airtengah", "x": 7, "y": 7 },
        { "type": "Airtengah", "x": 8, "y": 7 },
        { "type": "Tanahpojokkiri", "x": 9, "y": 7 },
        { "type": "Tanahatas", "x": 10, "y": 7 },
        { "type": "Tanahatas", "x": 11, "y": 7 },
        { "type": "Tanahatas", "x": 12, "y": 7 },
        { "type": "Tanahatas", "x": 13, "y": 7 },
        { "type": "Tanahatas", "x": 14, "y": 7 },
        { "type": "Tanahpojokkanan", "x": 15, "y": 7 },
        { "type": "Airtengah", "x": 16, "y": 7 },
        { "type": "Airtengah", "x": 17, "y": 7 },
        { "type": "Airtengah", "x": 18, "y": 7 },
        { "type": "Airtengah", "x": 19, "y": 7 }, 
        { "type": "Airkiri", "x": 0, "y": 6 },
        { "type": "Tanahkiri", "x": 1, "y": 6 },
        { "type": "Tanahtengah", "x": 2, "y": 6 },
        { "type": "Tanahkanan", "x": 3, "y": 6 },
        { "type": "Airbawah", "x": 4, "y": 6 },
        { "type": "Airbawah", "x": 5, "y": 6 },
        { "type": "Airbawah", "x": 6, "y": 6 },
        { "type": "Airbawah", "x": 7, "y": 6 },
        { "type": "Airbawah", "x": 8, "y": 6 },
        { "type": "Airbawah", "x": 9, "y": 6 },
        { "type": "Airbawah", "x": 10, "y": 6 },
        { "type": "Airbawah", "x": 11, "y": 6 },
        { "type": "Airbawah", "x": 12, "y": 6 },
        { "type": "Airbawah", "x": 13, "y": 6 },
        { "type": "Airbawah", "x": 14, "y": 6 },
        { "type": "Airbawah", "x": 15, "y": 6 },
        { "type": "Airbawah", "x": 16, "y": 6 },
        { "type": "Airbawah", "x": 17, "y": 6 },
        { "type": "Airbawah", "x": 18, "y": 6 },
        { "type": "Airtengah", "x": 19, "y": 6 },
        { "type": "Airkiri", "x": 0, "y": 5 },
        { "type": "Tanahkiri", "x": 1, "y": 5 },
        { "type": "Tanahtengah", "x": 2, "y": 5 },
        { "type": "Tanahtengah", "x": 3, "y": 5 },
        { "type": "Tanahbawah", "x": 4, "y": 5 },
        { "type": "Tanahbawah", "x": 5, "y": 5 },
        { "type": "Tanahbawah", "x": 6, "y": 5 },
        { "type": "Tanahbawah", "x": 7, "y": 5 },
        { "type": "Tanahbawah", "x": 8, "y": 5 },
        { "type": "Tanahbawah", "x": 9, "y": 5 },
        { "type": "Tanahbawah", "x": 10, "y": 5 },
        { "type": "Tanahbawah", "x": 11, "y": 5 },
        { "type": "Tanahbawah", "x": 12, "y": 5 },
        { "type": "Tanahbawah", "x": 13, "y": 5 },
        { "type": "Tanahbawah", "x": 14, "y": 5 },
        { "type": "Tanahbawah", "x": 15, "y": 5 },
        { "type": "Tanahbawah", "x": 16, "y": 5 },
        { "type": "Tanahbawah", "x": 17, "y": 5 },
        { "type": "Tanahbawahkanan", "x": 18, "y": 5 },
        { "type": "Airtengah", "x": 19, "y": 5 },
        { "type": "Airkiri", "x": 0, "y": 4 },
        { "type": "Tanahkiri", "x": 1, "y": 4 },
        { "type": "Tanahtengah", "x": 2, "y": 4 },
        { "type": "Tanahtengah", "x": 3, "y": 4 },
        { "type": "Tanahtengah", "x": 4, "y": 4 },
        { "type": "Tanahtengah", "x": 5, "y": 4 },
        { "type": "Tanahtengah", "x": 6, "y": 4 },
        { "type": "Tanahtengah", "x": 7, "y": 4 },
        { "type": "Tanahtengah", "x": 8, "y": 4 },
        { "type": "Tanahtengah", "x": 9, "y": 4 },
        { "type": "Tanahtengah", "x": 10, "y": 4 },
        { "type": "Tanahtengah", "x": 11, "y": 4 },
        { "type": "Tanahtengah", "x": 12, "y": 4 },
        { "type": "Tanahtengah", "x": 13, "y": 4 },
        { "type": "Tanahtengah", "x": 14, "y": 4 },
        { "type": "Tanahtengah", "x": 15, "y": 4 },
        { "type": "Tanahtengah", "x": 16, "y": 4 },
        { "type": "Tanahkanan", "x": 17, "y": 4 },
        { "type": "Airtengah", "x": 18, "y": 4 },
        { "type": "Airtengah", "x": 19, "y": 4 },
        { "type": "Airkiri", "x": 0, "y": 3 },
        { "type": "Tanahkiri", "x": 1, "y": 3 },
        { "type": "Tanahtengah", "x": 2, "y": 3 },
        { "type": "Tanahtengah", "x": 3, "y": 3 },
        { "type": "Tanahtengah", "x": 4, "y": 3 },
        { "type": "Tanahtengah", "x": 5, "y": 3 },
        { "type": "Tanahtengah", "x": 6, "y": 3 },
        { "type": "Tanahtengah", "x": 7, "y": 3 },
        { "type": "Tanahtengah", "x": 8, "y": 3 },
        { "type": "Tanahtengah", "x": 9, "y": 3 },
        { "type": "Tanahtengah", "x": 10, "y": 3 },
        { "type": "Tanahtengah", "x": 11, "y": 3 },
        { "type": "Tanahtengah", "x": 12, "y": 3 },
        { "type": "Tanahtengah", "x": 13, "y": 3 },
        { "type": "Tanahtengah", "x": 14, "y": 3 },
        { "type": "Tanahtengah", "x": 15, "y": 3 },
        { "type": "Portal", "id": "Portal1", "x":6,"y": 2 },
        { "type": "Tanahtengah", "x": 6, "y": 3 },
        { "type": "Tanahpojokkanan", "x": 17, "y": 3 },
        { "type": "Airtengah", "x": 18, "y": 3 },
        { "type": "Airtengah", "x": 19, "y": 3 },
        { "type": "Airkiri", "x": 0, "y": 2 },
        { "type": "Tanahpojokkiri", "x": 1, "y": 2 },
        { "type": "Tanahtengah", "x": 2, "y": 2 },
        { "type": "Tanahtengah", "x": 3, "y": 2 },
        { "type": "Tanahtengah", "x": 4, "y": 2 },
        { "type": "Pohon", "x": 4, "y": 2 },
        { "type": "Tanahtengah", "x": 5, "y": 2 },
        { "type": "Tanahtengah", "x": 6, "y": 2 },
        { "type": "Tanahtengah", "x": 7, "y": 2 },
        { "type": "Tanahtengah", "x": 8, "y": 2 },
        { "type": "Tanahtengah", "x": 9, "y": 2 },
        { "type": "Tanahtengah", "x": 10, "y": 2 },
        { "type": "Tanahtengah", "x": 11, "y": 2 },
        { "type": "Tanahtengah", "x": 12, "y": 2 },
        { "type": "Pohon", "x": 12, "y": 2 },
        { "type": "Tanahtengah", "x": 13, "y": 2 },
        { "type": "Tanahtengah", "x": 14, "y": 2 },
        { "type": "Tanahtengah", "x": 15, "y": 2 },
        { "type": "Tanahpojokkanan", "x": 16, "y": 2 },
        { "type": "Airtengah", "x": 17, "y": 2 },
        { "type": "Airtengah", "x": 18, "y": 2 },
        { "type": "Airtengah", "x": 19, "y": 2 },
        { "type": "Airtengah", "x": 0, "y": 1 },
        { "type": "Airkiri", "x": 1, "y": 1 },
        { "type": "Tanahpojokkiri", "x": 2, "y": 1 },
        { "type": "Tanahatas", "x": 3, "y": 1 },
        { "type": "Tanahatas", "x": 4, "y": 1 },
        { "type": "Tanahatas", "x": 5, "y": 1 },
        { "type": "Tanahbawah", "x": 6, "y": 1 },
        { "type": "Tanahatas", "x": 7, "y": 1 },
        { "type": "Tanahatas", "x": 8, "y": 1 },
        { "type": "Tanahpojokkanan", "x": 9, "y": 1 },
        { "type": "Airtengah", "x": 10, "y": 1 },
        { "type": "Airtengah", "x": 11, "y": 1 },
        { "type": "Tanahpojokkiri", "x": 12, "y": 1 },
        { "type": "Tanahatas", "x": 13, "y": 1 },
        { "type": "Tanahatas", "x": 14, "y": 1 },
        { "type": "Tanahpojokkanan", "x": 15, "y": 1 },
        { "type": "Airtengah", "x": 16, "y": 1 },
        { "type": "Airtengah", "x": 17, "y": 1 },
        { "type": "Airtengah", "x": 18, "y": 1 },
        { "type": "Airtengah", "x": 19, "y": 1 },
        { "type": "Airtengah", "x": 0, "y": 0 },
        { "type": "Airtengah", "x": 1, "y": 0 },
        { "type": "Airtengah", "x": 2, "y": 0 },
        { "type": "Airtengah", "x": 3, "y": 0 },
        { "type": "Airtengah", "x": 4, "y": 0 },
        { "type": "Airtengah", "x": 5, "y": 0 },
        { "type": "Tanahbawahkiri", "x": 6, "y": 0 },
        { "type": "Tanahbawah", "x": 7, "y": 0 },
        { "type": "Tanahbawahkanan", "x": 8, "y": 0 },
        { "type": "Airtengah", "x": 9, "y": 0 },
        { "type": "Airtengah", "x": 10, "y": 0 },
        { "type": "Airtengah", "x": 11, "y": 0 },
        { "type": "Airtengah", "x": 12, "y": 0 },
        { "type": "Airtengah", "x": 13, "y": 0 },
        { "type": "Airtengah", "x": 14, "y": 0 },
        { "type": "Airtengah", "x": 15, "y": 0 },
        { "type": "Airtengah", "x": 16, "y": 0 },
        { "type": "Airtengah", "x": 17, "y": 0 },
        { "type": "Airtengah", "x": 18, "y": 0 },
        { "type": "Airtengah", "x": 19, "y": 0 },
        { "type": "JembatanVertikal", "x": 6, "y": 3 }
      ]
    },
    {
      "id": 2,
      "name": "Level - 6",
      "gridWidth": 20,
      "gridHeight": 23,
      "starLimits": { "3star": 15, "2star": 25 },
      "objects": [
        { "type": "Player", "id": "P1", "x": 10, "y": 0 },
        { "type": "Portal", "id": "Portal1", "x": 15, "y": 10 },
        { "type": "River", "id": "R1", "x": 7, "y": 10 },
        {
          "type": "Bridge",
          "id": "B1",
          "x": 5,
          "y": 10,
          "width": 2,
          "height": 1,
          "key": ""
        },
        {
          "type": "Bridge",
          "id": "B2",
          "x": 9,
          "y": 13,
          "width": 3,
          "height": 2,
          "key": "Secret"
        },
        {
          "type": "Crystal",
          "id": "C1",
          "x": 3,
          "y": 4,
          "value": 0,
          "targetID": "Beacon1"
        },
        {
          "type": "Beacon",
          "id": "Beacon1",
          "x": 5,
          "y": 4,
          "isActive": false
        },
        { "type": "Tree", "id": "T1", "x": 6, "y": 4 }
      ]
    },
    {
      "id": 2,
      "name": "Level - 6",
      "gridWidth": 20,
      "gridHeight": 23,
      "starLimits": { "3star": 15, "2star": 25 },
      "objects": [
        { "type": "Player", "id": "P1", "x": 2, "y": 4 },
        { "type": "Portal", "id": "Portal1", "x": 15, "y": 10 },
        { "type": "River", "id": "R1", "x": 7, "y": 10 },
        {
          "type": "Bridge",
          "id": "B1",
          "x": 5,
          "y": 10,
          "width": 2,
          "height": 1,
          "key": ""
        },
        {
          "type": "Bridge",
          "id": "B2",
          "x": 9,
          "y": 13,
          "width": 3,
          "height": 2,
          "key": "Secret"
        },
        {
          "type": "Crystal",
          "id": "C1",
          "x": 3,
          "y": 4,
          "value": 0,
          "targetID": "Beacon1"
        },
        {
          "type": "Beacon",
          "id": "Beacon1",
          "x": 5,
          "y": 4,
          "isActive": false
        },
        { "type": "Tree", "id": "T1", "x": 6, "y": 4 }
      ]
    }
  ]
}   